<?xml version="1.0" encoding="UTF-8"?>
<project xmlns="http://www.netbeans.org/ns/project/1">
    <type>com.microchip.mplab.nbide.embedded.makeproject</type>
    <configuration>
        <data xmlns="http://www.netbeans.org/ns/make-project/1">
            <name>USB Device - HID - Keyboard</name>
            <make-project-type>0</make-project-type>
            <c-extensions>c</c-extensions>
            <cpp-extensions/>
            <header-extensions>h</header-extensions>
            <sourceEncoding>UTF-8</sourceEncoding>
            <asminc-extensions/>
            <make-dep-projects/>
            <sourceRootList>
                <sourceRootElem>../demo_src</sourceRootElem>
                <sourceRootElem>.</sourceRootElem>
                <sourceRootElem>../bsp/pic18f14k50</sourceRootElem>
                <sourceRootElem>../framework/usb/src</sourceRootElem>
            </sourceRootList>
            <confList>
                <confElem>
                    <name>LPCUSBDK_18F14K50</name>
                    <type>2</type>
                </confElem>
            </confList>
            <formatting>
                <project-formatting-style>false</project-formatting-style>
            </formatting>
        </data>
    </configuration>
</project>
